{"cameraMode":{"drawMode":0,"name":"Shaded","section":"Shading Mode"},"sceneLighting":false,"audioPlay":false,"sceneViewState":{"showFog":false,"showMaterialUpdate":false,"showSkybox":false,"showFlares":false,"showImageEffects":false,"showParticleSystems":false},"in2DMode":false,"pivot":{"x":-1.499825119972229,"y":0.7995035648345947,"z":-7.675018310546875},"rotation":{"x":-0.381026029586792,"y":-0.2621873617172241,"z":0.11360486596822739,"w":-0.8793096542358398},"size":1.2203726768493653,"orthographic":false}