{"cameraMode":{"drawMode":0,"name":"Shaded","section":"Shading Mode"},"sceneLighting":false,"audioPlay":false,"sceneViewState":{"showFog":false,"showMaterialUpdate":false,"showSkybox":false,"showFlares":false,"showImageEffects":false,"showParticleSystems":false},"in2DMode":false,"pivot":{"x":13.100000381469727,"y":2.11899995803833,"z":-2.3519999980926515},"rotation":{"x":-0.3865398168563843,"y":-0.009942172095179558,"z":0.004161467310041189,"w":-0.9222171306610107},"size":0.0866025984287262,"orthographic":false}