{"cameraMode":{"drawMode":0,"name":"Shaded","section":"Shading Mode"},"sceneLighting":false,"audioPlay":false,"sceneViewState":{"showFog":false,"showMaterialUpdate":false,"showSkybox":false,"showFlares":false,"showImageEffects":false,"showParticleSystems":false},"in2DMode":false,"pivot":{"x":0.12999999523162843,"y":1.5,"z":1.2699999809265137},"rotation":{"x":0.21717604994773866,"y":0.6977391242980957,"z":-0.23665666580200196,"w":0.6403042674064636},"size":1.0606601238250733,"orthographic":false}