{"cameraMode":{"drawMode":0,"name":"Shaded","section":"Shading Mode"},"sceneLighting":false,"audioPlay":false,"sceneViewState":{"showFog":false,"showMaterialUpdate":false,"showSkybox":false,"showFlares":false,"showImageEffects":false,"showParticleSystems":false},"in2DMode":false,"pivot":{"x":13.100000381469727,"y":2.11899995803833,"z":-2.3519999980926515},"rotation":{"x":-0.2271515280008316,"y":-0.6736800074577332,"z":0.23030033707618714,"w":-0.664474368095398},"size":0.1732051968574524,"orthographic":false}