{"cameraMode":{"drawMode":0,"name":"Shaded","section":"Shading Mode"},"sceneLighting":false,"audioPlay":false,"sceneViewState":{"showFog":false,"showMaterialUpdate":false,"showSkybox":false,"showFlares":false,"showImageEffects":false,"showParticleSystems":false},"in2DMode":false,"pivot":{"x":-1.5116310119628907,"y":-0.8585281372070313,"z":-1.6864643096923829},"rotation":{"x":0.09382040798664093,"y":0.867922842502594,"z":-0.17955413460731507,"w":0.4535062313079834},"size":27.44805335998535,"orthographic":false}