{"cameraMode":{"drawMode":0,"name":"Shaded","section":"Shading Mode"},"sceneLighting":false,"audioPlay":false,"sceneViewState":{"showFog":false,"showMaterialUpdate":false,"showSkybox":false,"showFlares":false,"showImageEffects":false,"showParticleSystems":false},"in2DMode":false,"pivot":{"x":-8.923165321350098,"y":0.9252857565879822,"z":-0.05527861416339874},"rotation":{"x":0.22357483208179475,"y":0.6789445281028748,"z":-0.22982633113861085,"w":0.6604772806167603},"size":0.5104953050613403,"orthographic":false}