{"cameraMode":{"drawMode":0,"name":"Shaded","section":"Shading Mode"},"sceneLighting":true,"audioPlay":false,"sceneViewState":{"showFog":false,"showMaterialUpdate":false,"showSkybox":true,"showFlares":false,"showImageEffects":false,"showParticleSystems":false},"in2DMode":false,"pivot":{"x":7.0592732429504398,"y":1.5347896814346314,"z":-180.3844757080078},"rotation":{"x":-0.003877498907968402,"y":-0.9925321340560913,"z":0.1174880638718605,"w":-0.03278263285756111},"size":6.250080585479736,"orthographic":false}