{"cameraMode":{"drawMode":0,"name":"Shaded","section":"Shading Mode"},"sceneLighting":false,"audioPlay":false,"sceneViewState":{"showFog":false,"showMaterialUpdate":false,"showSkybox":false,"showFlares":false,"showImageEffects":false,"showParticleSystems":false},"in2DMode":false,"pivot":{"x":1.2285847663879395,"y":1.3971352577209473,"z":3.041531562805176},"rotation":{"x":0.21617276966571809,"y":-0.06584629416465759,"z":0.014613945968449116,"w":0.9740229249000549},"size":1.9606599807739258,"orthographic":false}