{"cameraMode":{"drawMode":0,"name":"Shaded","section":"Shading Mode"},"sceneLighting":false,"audioPlay":false,"sceneViewState":{"showFog":false,"showMaterialUpdate":false,"showSkybox":false,"showFlares":false,"showImageEffects":false,"showParticleSystems":false},"in2DMode":false,"pivot":{"x":0.5144466161727905,"y":2.152252435684204,"z":-2.847141742706299},"rotation":{"x":-0.15395882725715638,"y":-0.8220900893211365,"z":0.2632458508014679,"w":-0.4807979166507721},"size":4.464353084564209,"orthographic":false}