{"cameraMode":{"drawMode":0,"name":"Shaded","section":"Shading Mode"},"sceneLighting":false,"audioPlay":false,"sceneViewState":{"showFog":false,"showMaterialUpdate":false,"showSkybox":false,"showFlares":false,"showImageEffects":false,"showParticleSystems":false},"in2DMode":false,"pivot":{"x":0.27435407042503359,"y":0.7471099495887756,"z":0.02101220190525055},"rotation":{"x":-0.14177192747592927,"y":-0.8198875188827515,"z":0.23035573959350587,"w":-0.5046018362045288},"size":1.5203323364257813,"orthographic":false}