{"cameraMode":{"drawMode":0,"name":"Shaded","section":"Shading Mode"},"sceneLighting":false,"audioPlay":false,"sceneViewState":{"showFog":false,"showMaterialUpdate":false,"showSkybox":false,"showFlares":false,"showImageEffects":false,"showParticleSystems":false},"in2DMode":false,"pivot":{"x":2.9700000286102297,"y":2.0,"z":-2.680000066757202},"rotation":{"x":0.09223315119743347,"y":-0.026881596073508264,"z":0.002491220599040389,"w":0.9953727722167969},"size":1.0606601238250733,"orthographic":false}